id,item
10031331,りんご
10035705,りんご
10053067,ごりら
10052160,らっぱ
10052815,りんご
10033584,パイン
10033584,時間
10031388,らっぱ
10031394,Search
10031394,りんご
10033554,りんご
10031398,りんご
10031398,Search
10033350,りんご
10031455,セット
10033093,サーバ
10157869,りんご
10059659,セット
10159362,その他
10025276,パイン
10021194,サーバ
10024772,ぐぬぬ
10025276,酒
10024093,りんご
10025439,HDD
10014759,サーバ
10119974,りんご
10112082,りんご
10114078,りんご
10111868,りんご
10132805,システム
10134192,その他
10137317,サーバ
10133712,Network
10133097,占
10132451,申し込み
10132357,サーバ
10132611,HDD
10131654,占
10170848,パイン
10164870,酒
10164308,時間
10164870,サヨナラ
10164988,センター
10164308,パイン
10182249,酒
10162486,セット
10182582,占
10190038,CIFS
10193859,りんご
10195379,パイン
10188177,酒
10189799,パイン
10186966,プリン
10191723,その他
10123542,パイン
10123542,HDD
10189574,サーバ
10195369,Search
10181322,Search
10195369,サーバ
10186397,グローバル
10194691,時間
10188177,グローバル
10181645,その他
10154837,りんご
10186397,酒
10181322,サーバ
10189574,占
10195379,サーバ
10189424,その他
10090155,製品
10179627,ぐぬり
10195718,その他
10186966,ST
10195591,Storage
10190038,HDD
10211272,パイン
10200998,サーバ
10203472,占
10213790,占
10203813,サーバ
10202690,申し込み
10213677,パイン
10196791,セット
10214195,サーバ
10202503,サーバ
10196059,グローバル
10214100,占
10172194,セット
10181322,らっぱ
10196730,占
10206550,その他
10211483,プロデューサー
10210248,りんご
10211060,ぐぬり
10197373,セット
10214253,サーバ
10205527,サーバ
10212245,CIFS
10204757,りんご
10205535,ぺぺぺ
10208399,サーバ
10205535,酒
10203875,システム
10214271,サーバ
10210826,サーバ
10204766,サーバ
10204369,りんご
10212887,HDD
10204897,酒
10034299,りんご
10034299,Search
10033815,りんご
10034219,パイン
10033815,パイン
10034219,グローバル
10082793,その他
10031455,りんご
10031416,りんご
10034404,サーバ
10034298,サーバ
10031453,HDD
10031453,パイン
10034298,その他
10083287,占
10083287,パイン
10034376,パイン
10034594,りんご
10034557,占
10034684,サーバ
10158213,サーバ
10158426,その他
10022728,占
10140637,占
10080589,セット
10140637,サーバ
10186653,酒
10025439,サヨナラ
10034625,パイン
10087094,パイン
10082013,その他
10024589,サーバ
10024589,申し込み
10021766,ぐぬり
10034684,Search
10036630,データ
10040187,その他
10036288,データ
10036860,データ
10035653,占
10038566,占
10038225,データ
10022734,その他
10026178,ぐぬり
10008192,Network
10160115,りんご
10160905,Network
10160905,ぺぺぺ
10160709,占
10160192,その他
10021398,Search
10021398,りんご
10028081,ぐぬぬ
10027460,その他
10025045,その他
10059454,データ
10026190,占
10026190,りんご
10026190,ぺぺぺ
10025944,その他
10059454,その他
10036342,りんご
10034376,りんご
10038566,請求
10035653,申し込み
10040156,その他
10037585,占
10040156,サーバ
10034625,りんご
10036198,その他
10035954,その他
10034594,Search
10036288,その他
10035954,データ
10036198,データ
10034909,ぺぺぺ
10040010,データ
10034909,占
10040010,その他
10036684,データ
10035575,ぺぺぺ
10038225,その他
10037585,パイン
10036323,その他
10036860,その他
10040187,データ
10036684,その他
10036630,その他
10035664,データ
10083525,りんご
10090548,占
10090548,サーバ
10052852,サーバ
10031332,Search
10031332,りんご
10043747,りんご
10044330,りんご
10160562,サーバ
10040795,パイン
10043676,Search
10125639,プリン
10056768,セット
10058887,その他
10047444,その他
10059439,その他
10057050,ぺぺぺ
10058887,パイン
10053139,Search
10056768,パイン
10057050,Network
10054337,Search
10057061,システム
10160810,データ
10040390,Network
10059701,申し込み
10061399,システム
10061399,サーバ
10061399,Search
10026617,時間
10027599,りんご
10030563,パイン
10029357,システム
10029388,サーバ
10029254,占
10029388,Network
10029388,占
10028314,サーバ
10029709,サーバ
10029066,データ
10029709,システム
10198937,サーバ
10200981,サーバ
10202339,Network
10203949,酒
10203958,その他
10035664,その他
10036323,データ
10043144,Search
10041249,システム
10043327,セット
10040966,データ
10040390,サーバ
10040795,HDD
10042006,データ
10040795,CIFS
10047956,その他
10087354,その他
10088290,サーバ
10048649,リゾート
10050959,HDD
10048653,リゾート
10049313,その他
10048296,りんご
10050959,CIFS
10051382,その他
10029176,らっぱ
10048649,パイン
10163117,パイン
10161832,ギガント
10161173,ぺぺぺ
10162074,サーバ
10161939,時間
10163117,申し込み
10163117,プロデューサー
10162339,サーバ
10162673,ぺぺぺ
10162673,ST
10161173,パイン
10162074,占
10162074,Search
10158727,ぐぬぬ
10048653,パイン
10161173,プロデューサー
10162339,Search
10152217,占
10140999,占
10039159,りんご
10133944,パイン
10133944,Storage
10134952,時間
10139983,占
10088290,Search
10090674,その他
10080497,占
10072407,時間
10078848,サーバ
10079739,りんご
10125639,ごりら
10153402,その他
10153011,酒
10152276,サーバ
10161939,パイン
10151472,占
10154114,占
10029858,Network
10028075,Search
10031579,パイン
10032122,その他
10032381,りんご
10032122,占
10031579,セット
10032381,申し込み
10032711,酒
10032711,グローバル
10027490,ST
10032594,ぐぬり
10027490,HDD
10071910,その他
10072196,HDD
10154979,りんご
10083525,セット
10061209,製品
10071261,りんご
10040966,その他
10039685,りんご
10038992,りんご
10042006,その他
10051977,りんご
10039039,製品
10027187,データ
10027421,占
10140797,プリン
10092903,ST
10136567,りんご
10082677,酒
10089814,時間
10092903,HDD
10089814,パイン
10092903,サヨナラ
10082677,パイン
10029604,サーバ
10029455,サーバ
10029604,その他
10029455,グローバル
10029455,システム
10028712,りんご
10028175,ST
10080589,Search
10082677,占
10039039,りんご
10026111,サーバ
10090764,CIFS
10091178,パイン
10091178,システム
10025102,ぺぺぺ
10026030,占
10103161,システム
10026831,HDD
10026269,パイン
10026807,サーバ
10026269,時間
10026827,パイン
10026807,Search
10026827,時間
10027266,らっぱ
10151290,その他
10027733,パイン
10018214,その他
10149381,パイン
10142207,サーバ
10150451,パイン
10151231,パイン
10140843,ごりら
10151925,HDD
10150886,ごりら
10150451,りんご
10151903,占
10152205,サーバ
10141216,占
10018214,サーバ
10141305,プリン
10017538,りんご
10150929,占
10150929,グローバル
10150802,ぐぬぬ
10142207,Search
10142207,ぺぺぺ
10151231,グローバル
10106122,申し込み
10016855,占
10149234,魚
10025398,その他
10025718,らっぱ
10024695,その他
10024772,セット
10017881,HDD
10018434,サーバ
10018327,占
10019835,サーバ
10019685,占
10019178,Network
10018903,サーバ
10019549,その他
10019596,Storage
10016895,その他
10016185,りんご
10018451,占
10019685,パイン
10018306,りんご
10019740,申し込み
10019734,申し込み
10018306,パイン
10018451,サーバ
10019052,サーバ
10019596,システム
10019734,サーバ
10018445,サーバ
10019740,サーバ
10022192,魚
10022088,セット
10003258,りんご
10009070,りんご
10012817,りんご
10020950,申し込み
10020048,申し込み
10020048,サーバ
10022524,グローバル
10020950,占
10020557,占
10019912,りんご
10019865,りんご
10020940,りんご
10020370,セット
10020795,りんご
10016855,プロデューサー
10019732,Network
10019402,システム
10019195,りんご
10020622,その他
10020861,サーバ
10019908,Network
10019963,その他
10020372,Search
10016755,セット
10021466,占
10020372,サーバ
10019404,セット
10021537,占
10020979,ぐぬぬ
10019404,パイン
10015918,占
10020817,その他
10021120,サーバ
10019003,りんご
10019754,時間
10018789,ギガント
10019343,その他
10019732,パイン
10020643,占
10020187,らっぱ
10020614,その他
10016755,パイン
10018921,プロデューサー
10021166,りんご
10020557,サーバ
10028193,パイン
10027733,時間
10028193,占
10027733,HDD
10021301,セット
10025933,パイン
10019593,システム
10021301,パイン
10021468,インターネット
10025933,プロデューサー
10027324,その他
10012304,占
10028549,申し込み
10026868,システム
10027324,HDD
10028549,パイン
10028549,プロデューサー
10021389,りんご
10021389,Search
10067564,占
10022271,システム
10021758,サーバ
10022858,占
10018623,らっぱ
10022804,サーバ
10022271,パイン
10021758,占
10022290,サーバ
10022369,サーバ
10022524,サーバ
10022804,申し込み
10020580,サーバ
10020813,CIFS
10020813,パイン
10024270,インターネット
10024091,データ
10024236,サーバ
10024091,パイン
10017646,りんご
10024091,セット
10151290,パイン
10149381,HDD
10149835,セット
10150802,パイン
10150929,サーバ
10152205,酒
10018270,占
10018327,グローバル
10018434,Search
10018327,サヨナラ
10017881,CIFS
10100047,セット
10016733,セット
10022898,グローバル
10018312,ぐぬり
10023136,サーバ
10020971,システム
10029350,その他
10022809,セット
10023226,セット
10023068,サーバ
10023534,占
10023476,申し込み
10023564,サーバ
10021325,らっぱ
10023663,サーバ
10023476,サーバ
10077300,時間
10046891,りんご
10080843,サーバ
10080190,サーバ
10072407,パイン
10080190,システム
10061209,Search
10080843,Search
10067550,製品
10095897,システム
10101338,システム
10100312,その他
10101338,サーバ
10102391,ギガント
10102905,魚心
10121948,セット
10168577,ぺぺぺ
10167798,魚心
10168577,Network
10169239,サーバ
10169239,占
10123071,その他
10086742,パイン
10114767,セット
10122163,HDD
10065086,製品
10114767,パイン
10129388,酒
10129840,サーバ
10127052,占
10132888,サーバ
10122163,パイン
10127052,サーバ
10132440,サーバ
10125956,サーバ
10131889,サーバ
10134906,占
10132957,時間
10131699,HDD
10133394,サーバ
10138730,占
10138730,サーバ
10135712,HDD
10135712,CIFS
10111488,天秤座
10160324,りんご
10173438,製品
10171955,占
10173606,占
10176541,占
10177985,占
10173438,セット
10177985,サーバ
10170514,Search
10173256,占
10173256,酒
10173606,サーバ
10170514,りんご
10180049,占
10027540,ぐぬり
10027897,占
10027797,その他
10027680,ST
10027680,パイン
10027924,申し込み
10027924,HDD
10022283,りんご
10027215,Search
10027215,サーバ
10028733,サーバ
10028935,HDD
10028733,システム
10028935,サーバ
10028733,Search
10028935,ぺぺぺ
10029110,データ
10029037,パイン
10029104,データ
10029037,占
10029858,ぺぺぺ
10028395,セット
10028395,りんご
10013040,サーバ
10029782,その他
10029332,りんご
10029782,パイン
10030563,セット
10032964,その他
10032117,占
10019535,ぺぺぺ
10033183,その他
10033183,サーバ
10019535,CIFS
10033052,システム
10033287,パイン
10019535,サヨナラ
10033123,セット
10033287,ぐぬぬ
10032862,セット
10032964,データ
10031117,システム
10031034,りんご
10028075,セット
10169346,製品
10032081,ぐぬり
10030874,その他
10032020,その他
10153790,製品
10170408,りんご
10027446,セット
10170311,システム
10066442,申し込み
10072196,パイン
10114084,らっぱ
10069650,占
10069923,Search
10072252,データ
10088676,サーバ
10080077,りんご
10087094,時間
10081764,サーバ
10105645,魚心
10035615,データ
10014759,酒
10080497,パイン
10059659,パイン
10061209,りんご
10086847,りんご
10086742,りんご
10089759,りんご
10088084,りんご
10068101,りんご
10068559,りんご
10065086,りんご
10068101,セット
10088618,りんご
10045373,サーバ
10167298,サーバ
10099640,CIFS
10096908,占
10100804,占
10069175,製品
10071137,りんご
10167298,Search
10108093,サーバ
10110340,HDD
10086742,製品
10032213,Search
10112581,りんご
10032213,サーバ
10045373,Search
10109658,Storage
10110771,サーバ
10167798,占
10164295,システム
10125033,セット
10051977,パイン
10123092,HDD
10121679,りんご
10115781,サーバ
10115800,請求
10125716,りんご
10121616,ぺぺぺ
10121616,HDD
10129021,占
10115636,酒
10114501,Storage
10128940,占
10115800,システム
10120048,その他
10124130,システム
10121616,ST
10115800,サーバ
10123921,りんご
10120732,プリン
10122503,CIFS
10121005,りんご
10130125,サーバ
10122562,その他
10121005,Search
10123092,パイン
10138069,サーバ
10138069,占
10170848,HDD
10164988,パイン
10172888,サーバ
10170208,占
10171918,システム
10169254,システム
10171831,システム
10156766,りんご
10164858,セット
10180414,魚
10179069,ギガント
10179069,パイン
10175138,りんご
10178413,リゾート
10169346,りんご
10180414,酒
10176219,りんご
10187322,占
10188121,占
10187143,製品
10187577,その他
10190095,りんご
10191723,パイン
10155425,サーバ
10190942,サーバ
10188625,サーバ
10186966,酒
10189799,占
10194691,パイン
10195373,サーバ
10198334,パイン
10206550,Network
10210754,Network
10208492,Search
10208492,サーバ
10206777,ぐぬり
10202527,パイン
10210754,酒
10202527,その他
10031069,その他
10031069,酒
10062038,HDD
10072252,その他
10068034,占
10062086,魚心
10061304,プリン
10062038,CIFS
10062086,魚
10066442,プリン
10050547,製品
10043733,りんご
10043733,Search
10045319,データ
10048130,システム
10030606,りんご
10028844,サーバ
10028824,サーバ
10028824,Search
10040076,りんご
10036628,その他
10033677,りんご
10025439,申し込み
10025371,その他
10041926,リゾート
